[
  {
    "bank_name": "AXIS BANK",
    "id": 23,
    "name": "smruti",
    "mobile": "9856325698",
    "email": "smruticool1991@gmail.com",
    "income": "15000",
    "emp": "salaried",
    "pan": null,
    "city": null,
    "type": "credit card",
    "user_id": "",
    "type_id": 23,
    "bank_id": 12,
    "title": "Jet Airways American Express Platinum Credit Card",
    "created_at": "2022-06-27 16:57:08",
    "updated_at": "2022-06-27 16:57:08"
  },
  {
    "bank_name": "SBI BANK",
    "id": 24,
    "name": "axis smruti",
    "mobile": "9856326587",
    "email": "smruticool1991@gmail.com",
    "income": "15000",
    "emp": "salaried",
    "pan": null,
    "city": null,
    "type": "credit card",
    "user_id": "",
    "type_id": 21,
    "bank_id": 11,
    "title": "Axis Bank Neo Credit Card",
    "created_at": "2022-06-27 18:13:31",
    "updated_at": "2022-06-27 18:13:31"
  },
  {
    "bank_name": "SBI BANK",
    "id": 25,
    "name": "kotak smruti",
    "mobile": "9652365987",
    "email": "smruticool1991@gmail.com",
    "income": "12000",
    "emp": "self-employed",
    "pan": null,
    "city": null,
    "type": "saving account",
    "user_id": "",
    "type_id": 11,
    "bank_id": 11,
    "title": "Kotak 811",
    "created_at": "2022-06-27 18:18:02",
    "updated_at": "2022-06-27 18:18:02"
  },
  {
    "bank_name": "SBI BANK",
    "id": 26,
    "name": "Rajesh Parida",
    "mobile": "9658740146",
    "email": "devlimerllc@gmail.com",
    "income": "1234567",
    "emp": "salaried",
    "pan": null,
    "city": null,
    "type": "credit card",
    "user_id": "",
    "type_id": 22,
    "bank_id": 11,
    "title": "HDFC Bank Titanium Time Card",
    "created_at": "2022-06-27 19:54:41",
    "updated_at": "2022-06-27 19:54:41"
  },
  {
    "bank_name": "AXIS BANK",
    "id": 27,
    "name": "demhat smruti",
    "mobile": "9563265897",
    "email": "smruticool1991@gmail.com",
    "income": "15000",
    "emp": "self-employed",
    "pan": null,
    "city": null,
    "type": "demat",
    "user_id": "",
    "type_id": 3,
    "bank_id": 12,
    "title": "sfsd11",
    "created_at": "2022-06-28 12:27:53",
    "updated_at": "2022-06-28 12:27:53"
  },
  {
    "bank_name": "SBI BANK",
    "id": 28,
    "name": "Rr",
    "mobile": "9652365893",
    "email": "smruti@gmail.com",
    "income": "10000",
    "emp": "self-employed",
    "pan": null,
    "city": null,
    "type": "credit card",
    "user_id": "",
    "type_id": 22,
    "bank_id": 11,
    "title": "HDFC Bank Titanium Time Card",
    "created_at": "2022-06-29 00:19:27",
    "updated_at": "2022-06-29 00:19:27"
  },
  {
    "bank_name": "ICICI BANK",
    "id": 29,
    "name": "gyan",
    "mobile": "9742767000",
    "email": "gyan@oralfish.com",
    "income": "600000",
    "emp": "self-employed",
    "pan": null,
    "city": null,
    "type": "credit card",
    "user_id": "",
    "type_id": 23,
    "bank_id": 14,
    "title": "ICICI Bank Platinum Credit Card",
    "created_at": "2022-06-29 12:29:25",
    "updated_at": "2022-06-29 12:29:25"
  },
  {
    "bank_name": "AXIS BANK",
    "id": 30,
    "name": "suresh",
    "mobile": "909090909090909000",
    "email": "google.com",
    "income": "505050",
    "emp": "salaried",
    "pan": null,
    "city": null,
    "type": "credit card",
    "user_id": "",
    "type_id": 23,
    "bank_id": 12,
    "title": "Jet Airways American Express Platinum Credit Card",
    "created_at": "2022-06-29 13:08:33",
    "updated_at": "2022-06-29 13:08:33"
  },
  {
    "bank_name": "DENA BANK",
    "id": 31,
    "name": "kotak smruti",
    "mobile": "9856932555",
    "email": "smruticool1991@gmail.com",
    "income": "1256000000",
    "emp": "salaried",
    "pan": null,
    "city": null,
    "type": "personal loan",
    "user_id": "",
    "type_id": 13,
    "bank_id": 13,
    "title": "Citi Bank personal Loan",
    "created_at": "2022-06-30 18:27:09",
    "updated_at": "2022-06-30 18:27:09"
  },
  {
    "bank_name": null,
    "id": 39,
    "name": "ins test",
    "mobile": "9856932554",
    "email": "smruticool1991@gmail.com",
    "income": "1256000000",
    "emp": "salaried",
    "pan": "AVVPN4567c",
    "city": "bbsr",
    "type": "Instant Loan",
    "user_id": "",
    "type_id": null,
    "bank_id": null,
    "title": "Instant Loan",
    "created_at": "2022-06-30 19:26:34",
    "updated_at": "2022-06-30 19:26:34"
  },
  {
    "bank_name": "SBI BANK",
    "id": 40,
    "name": "test",
    "mobile": "9090909090",
    "email": "90909@c.cc",
    "income": "909090",
    "emp": "self-employed",
    "pan": null,
    "city": null,
    "type": "credit card",
    "user_id": "",
    "type_id": 22,
    "bank_id": 11,
    "title": "HDFC Bank Titanium Time Card",
    "created_at": "2022-07-07 16:41:36",
    "updated_at": "2022-07-07 16:41:36"
  },
  {
    "bank_name": "AXIS BANK",
    "id": 41,
    "name": "abhishek",
    "mobile": "8584859919",
    "email": "abhidelight@gmail.com",
    "income": "100000",
    "emp": "self-employed",
    "pan": null,
    "city": null,
    "type": "home loan",
    "user_id": "",
    "type_id": 12,
    "bank_id": 12,
    "title": "Axis Bank Home Loan",
    "created_at": "2023-02-02 15:26:50",
    "updated_at": "2023-02-02 15:26:50"
  },
  {
    "bank_name": "SBI BANK",
    "id": 42,
    "name": "demo",
    "mobile": "9100000000",
    "email": "admin@gmail.com",
    "income": "5000000000",
    "emp": "self-employed",
    "pan": null,
    "city": null,
    "type": "credit card",
    "user_id": "",
    "type_id": 26,
    "bank_id": 11,
    "title": "SBI Simply SAVE Credit Card",
    "created_at": "2023-05-10 08:54:23",
    "updated_at": "2023-05-10 08:54:23"
  },
  {
    "bank_name": "Equitas Bank",
    "id": 43,
    "name": "DDDFDFSDF",
    "mobile": "1231231231",
    "email": "slo@emgisl.cc",
    "income": "11111",
    "emp": "salaried",
    "pan": null,
    "city": null,
    "type": "saving account",
    "user_id": "",
    "type_id": 15,
    "bank_id": 15,
    "title": "Equitas Bank Savings Account",
    "created_at": "2023-06-07 09:10:00",
    "updated_at": "2023-06-07 09:10:00"
  },
  {
    "bank_name": "SBI BANK",
    "id": 44,
    "name": "gyan rai",
    "mobile": "9999234323",
    "email": "test@gmail.com",
    "income": "100000",
    "emp": "salaried",
    "pan": null,
    "city": null,
    "type": "credit card",
    "user_id": "",
    "type_id": 26,
    "bank_id": 11,
    "title": "SBI Simply SAVE Credit Card",
    "created_at": "2023-07-08 11:52:21",
    "updated_at": "2023-07-08 11:52:21"
  },
  {
    "bank_name": null,
    "id": 45,
    "name": null,
    "mobile": null,
    "email": null,
    "income": null,
    "emp": null,
    "pan": null,
    "city": null,
    "type": null,
    "user_id": "",
    "type_id": null,
    "bank_id": null,
    "title": null,
    "created_at": "2023-07-14 07:32:15",
    "updated_at": "2023-07-14 07:32:15"
  },
  {
    "bank_name": "Equitas Bank",
    "id": 46,
    "name": "Alok",
    "mobile": "7415929390",
    "email": "nehathakur@gmail.com",
    "income": "30000",
    "emp": "salaried",
    "pan": null,
    "city": null,
    "type": "saving account",
    "user_id": "",
    "type_id": 15,
    "bank_id": 15,
    "title": "Equitas Bank Savings Account",
    "created_at": "2023-07-14 07:38:31",
    "updated_at": "2023-07-14 07:38:31"
  },
  {
    "bank_name": "SBI BANK",
    "id": 47,
    "name": "demo",
    "mobile": "8770213581",
    "email": "performance@oralfish.in",
    "income": "30000",
    "emp": "salaried",
    "pan": null,
    "city": null,
    "type": "saving account",
    "user_id": "",
    "type_id": 11,
    "bank_id": 11,
    "title": "Kotak 811",
    "created_at": "2023-07-14 07:39:35",
    "updated_at": "2023-07-14 07:39:35"
  },
  {
    "bank_name": "Equitas Bank",
    "id": 48,
    "name": "Shiv",
    "mobile": "8770986540",
    "email": "shiv@gmail.com",
    "income": "40000",
    "emp": "salaried",
    "pan": null,
    "city": null,
    "type": "saving account",
    "user_id": "",
    "type_id": 15,
    "bank_id": 15,
    "title": "Equitas Bank Savings Account",
    "created_at": "2023-07-14 07:42:52",
    "updated_at": "2023-07-14 07:42:52"
  },
  {
    "bank_name": "Equitas Bank",
    "id": 49,
    "name": "Kush",
    "mobile": "7799352190",
    "email": "kush@gmail.com",
    "income": "35000",
    "emp": "salaried",
    "pan": null,
    "city": null,
    "type": "saving account",
    "user_id": "",
    "type_id": 15,
    "bank_id": 15,
    "title": "Equitas Bank Savings Account",
    "created_at": "2023-07-14 07:48:25",
    "updated_at": "2023-07-14 07:48:25"
  },
  {
    "bank_name": "IndusInd  Bank",
    "id": 50,
    "name": "Niraj Yadav",
    "mobile": "8809765678",
    "email": "niraj@gmail.com",
    "income": "30000",
    "emp": "salaried",
    "pan": null,
    "city": null,
    "type": "saving account",
    "user_id": "",
    "type_id": 14,
    "bank_id": 17,
    "title": "IndusInd Bank Savings Account",
    "created_at": "2023-07-14 07:53:53",
    "updated_at": "2023-07-14 07:53:53"
  },
  {
    "bank_name": "Equitas Bank",
    "id": 51,
    "name": "Kudh",
    "mobile": "9777665445",
    "email": "kush@gmail.com",
    "income": "40000",
    "emp": "salaried",
    "pan": null,
    "city": null,
    "type": "saving account",
    "user_id": "",
    "type_id": 15,
    "bank_id": 15,
    "title": "Equitas Bank Savings Account",
    "created_at": "2023-07-14 10:21:48",
    "updated_at": "2023-07-14 10:21:48"
  },
  {
    "bank_name": "Yes Bank",
    "id": 52,
    "name": "Kaal",
    "mobile": "9765353738",
    "email": "kaal@gmail.com",
    "income": "30000",
    "emp": "salaried",
    "pan": null,
    "city": null,
    "type": "saving account",
    "user_id": "",
    "type_id": 12,
    "bank_id": 28,
    "title": "Yes Bank",
    "created_at": "2023-07-14 10:23:32",
    "updated_at": "2023-07-14 10:23:32"
  },
  {
    "bank_name": "HDFC Bank",
    "id": 53,
    "name": "demo",
    "mobile": "8678444868",
    "email": "performance@oralfish.in",
    "income": "30000",
    "emp": "salaried",
    "pan": null,
    "city": null,
    "type": "credit card",
    "user_id": "",
    "type_id": 24,
    "bank_id": 23,
    "title": "HDFC Bank Credit Card",
    "created_at": "2023-07-14 10:36:58",
    "updated_at": "2023-07-14 10:36:58"
  },
  {
    "bank_name": "Aditya Birla (NBFC)",
    "id": 54,
    "name": "demo",
    "mobile": "6785835735",
    "email": "sunil2@gmail.com",
    "income": "30000",
    "emp": "salaried",
    "pan": null,
    "city": null,
    "type": "home loan",
    "user_id": "",
    "type_id": 25,
    "bank_id": 25,
    "title": "Aditya Birla",
    "created_at": "2023-07-21 05:03:46",
    "updated_at": "2023-07-21 05:03:46"
  },
  {
    "bank_name": "Standard Chartered Bank",
    "id": 55,
    "name": "sunil",
    "mobile": "9988765434",
    "email": "sunil2@gmail.com",
    "income": "25000",
    "emp": "salaried",
    "pan": null,
    "city": null,
    "type": "credit card",
    "user_id": "",
    "type_id": 25,
    "bank_id": 22,
    "title": "Standard Chartered Bank Credit Card",
    "created_at": "2023-07-21 05:04:57",
    "updated_at": "2023-07-21 05:04:57"
  },
  {
    "bank_name": "AXIS BANK",
    "id": 56,
    "name": "demo",
    "mobile": "8770213581",
    "email": "sunil2@gmail.com",
    "income": "30000",
    "emp": "self-employed",
    "pan": null,
    "city": null,
    "type": "saving account",
    "user_id": "",
    "type_id": 10,
    "bank_id": 12,
    "title": "AXIS ASAP",
    "created_at": "2023-07-21 05:06:13",
    "updated_at": "2023-07-21 05:06:13"
  },
  {
    "bank_name": "Standard Chartered Bank",
    "id": 57,
    "name": "dsd",
    "mobile": "1212121212",
    "email": "asdasd@ss.cc",
    "income": "11111",
    "emp": "salaried",
    "pan": null,
    "city": null,
    "type": "credit card",
    "user_id": "",
    "type_id": 25,
    "bank_id": 22,
    "title": "Standard Chartered Bank Credit Card",
    "created_at": "2023-10-06 12:26:15",
    "updated_at": "2023-10-06 12:26:15"
  },
  {
    "bank_name": "SBI BANK",
    "id": 58,
    "name": "gyan",
    "mobile": "9879865645",
    "email": "test@gmail.com",
    "income": "11111111",
    "emp": "self-employed",
    "pan": null,
    "city": null,
    "type": "credit card",
    "user_id": "",
    "type_id": 26,
    "bank_id": 11,
    "title": "SBI Simply SAVE Credit Card",
    "created_at": "2023-12-22 11:27:13",
    "updated_at": "2023-12-22 11:27:13"
  },
  {
    "bank_name": "SBI BANK",
    "id": 59,
    "name": "sahaj",
    "mobile": "0099090909",
    "email": "s@gmailk.com",
    "income": "1000000",
    "emp": "salaried",
    "pan": null,
    "city": null,
    "type": "credit card",
    "user_id": "",
    "type_id": 26,
    "bank_id": 11,
    "title": "SBI Simply SAVE Credit Card",
    "created_at": "2023-12-22 11:28:37",
    "updated_at": "2023-12-22 11:28:37"
  },
  {
    "bank_name": "SBI BANK",
    "id": 60,
    "name": "rahul",
    "mobile": "9898988989",
    "email": "rahulk3@gmail.com",
    "income": "100000",
    "emp": "salaried",
    "pan": null,
    "city": null,
    "type": "credit card",
    "user_id": "",
    "type_id": 26,
    "bank_id": 11,
    "title": "SBI Simply SAVE Credit Card",
    "created_at": "2023-12-22 11:30:34",
    "updated_at": "2023-12-22 11:30:34"
  },
  {
    "bank_name": "SBI BANK",
    "id": 61,
    "name": "gyan test sbi",
    "mobile": "9742767000",
    "email": "gyantest@gmail.com",
    "income": "1000000",
    "emp": "self-employed",
    "pan": null,
    "city": null,
    "type": "credit card",
    "user_id": "",
    "type_id": 26,
    "bank_id": 11,
    "title": "SBI Simply SAVE Credit Card",
    "created_at": "2023-12-22 11:34:18",
    "updated_at": "2023-12-22 11:34:18"
  },
  {
    "bank_name": "SBI BANK",
    "id": 62,
    "name": "gyan",
    "mobile": "9898989898",
    "email": "gyan@gmail.com",
    "income": "100000",
    "emp": "salaried",
    "pan": null,
    "city": null,
    "type": "saving account",
    "user_id": "",
    "type_id": 11,
    "bank_id": 11,
    "title": "Kotak 811",
    "created_at": "2024-01-11 07:12:55",
    "updated_at": "2024-01-11 07:12:55"
  },
  {
    "bank_name": "SBI BANK",
    "id": 63,
    "name": "gyan test kotak",
    "mobile": "9999999999",
    "email": "gyantest@gmail.com",
    "income": "777777777",
    "emp": "salaried",
    "pan": null,
    "city": null,
    "type": "saving account",
    "user_id": "",
    "type_id": 11,
    "bank_id": 11,
    "title": "Kotak 811",
    "created_at": "2024-02-04 11:22:20",
    "updated_at": "2024-02-04 11:22:20"
  }
]
